"","State","Years","Median_Bach","Bach_M_Median","Bach_F_Median","Median_Grad","Grad_M_Median","Grad_F_Median"
"1","Alabama",2022,"56,640","(X)","(X)","70,732","(X)","(X)"
"2","Alabama",2021,"52,385","(X)","(X)","65,470","(X)","(X)"
"3","Alabama",2020,"51,041","(X)","(X)","62,044","(X)","(X)"
"4","Alabama",2019,"50,643","(X)","(X)","60,922","(X)","(X)"
"5","Alabama",2018,"50,081","(X)","(X)","61,177","(X)","(X)"
"6","Alabama",2017,"49,520","(X)","(X)","57,213","(X)","(X)"
"7","Alabama",2016,"48,304","(X)","(X)","57,307","(X)","(X)"
"8","Alabama",2015,"46,740","(X)","(X)","56,164","(X)","(X)"
"9","Alaska",2022,"67,321","(X)","(X)","89,202","(X)","(X)"
"10","Alaska",2021,"60,141","(X)","(X)","80,892","(X)","(X)"
"11","Alaska",2020,"58,169","(X)","(X)","77,356","(X)","(X)"
"12","Alaska",2019,"53,033","(X)","(X)","71,947","(X)","(X)"
"13","Alaska",2018,"57,708","(X)","(X)","77,402","(X)","(X)"
"14","Alaska",2017,"56,914","(X)","(X)","75,748","(X)","(X)"
"15","Alaska",2016,"51,665","(X)","(X)","75,950","(X)","(X)"
"16","Alaska",2015,"52,885","(X)","(X)","70,590","(X)","(X)"
"17","Arizona",2022,"63,471","(X)","(X)","76,587","(X)","(X)"
"18","Arizona",2021,"57,474","(X)","(X)","74,205","(X)","(X)"
"19","Arizona",2020,"53,315","(X)","(X)","68,813","(X)","(X)"
"20","Arizona",2019,"52,077","(X)","(X)","69,902","(X)","(X)"
"21","Arizona",2018,"51,576","(X)","(X)","66,004","(X)","(X)"
"22","Arizona",2017,"51,197","(X)","(X)","65,573","(X)","(X)"
"23","Arizona",2016,"50,479","(X)","(X)","62,034","(X)","(X)"
"24","Arizona",2015,"49,801","(X)","(X)","60,884","(X)","(X)"
"25","Arkansas",2022,"53,117","(X)","(X)","68,769","(X)","(X)"
"26","Arkansas",2021,"51,046","(X)","(X)","63,107","(X)","(X)"
"27","Arkansas",2020,"48,498","(X)","(X)","62,247","(X)","(X)"
"28","Arkansas",2019,"46,964","(X)","(X)","62,027","(X)","(X)"
"29","Arkansas",2018,"46,919","(X)","(X)","61,185","(X)","(X)"
"30","Arkansas",2017,"46,483","(X)","(X)","60,011","(X)","(X)"
"31","Arkansas",2016,"45,963","(X)","(X)","56,296","(X)","(X)"
"32","Arkansas",2015,"42,828","(X)","(X)","55,490","(X)","(X)"
"33","California",2022,"75,688","(X)","(X)","103,600","(X)","(X)"
"34","California",2021,"71,142","(X)","(X)","99,341","(X)","(X)"
"35","California",2020,"64,554","(X)","(X)","91,622","(X)","(X)"
"36","California",2019,"65,078","(X)","(X)","92,334","(X)","(X)"
"37","California",2018,"62,347","(X)","(X)","90,204","(X)","(X)"
"38","California",2017,"60,940","(X)","(X)","85,555","(X)","(X)"
"39","California",2016,"60,121","(X)","(X)","82,271","(X)","(X)"
"40","California",2015,"57,282","(X)","(X)","80,442","(X)","(X)"
"41","Colorado",2022,"69,493","(X)","(X)","84,468","(X)","(X)"
"42","Colorado",2021,"63,777","(X)","(X)","79,017","(X)","(X)"
"43","Colorado",2020,"55,870","(X)","(X)","71,561","(X)","(X)"
"44","Colorado",2019,"58,229","(X)","(X)","71,616","(X)","(X)"
"45","Colorado",2018,"54,937","(X)","(X)","68,181","(X)","(X)"
"46","Colorado",2017,"52,074","(X)","(X)","67,553","(X)","(X)"
"47","Colorado",2016,"51,136","(X)","(X)","65,657","(X)","(X)"
"48","Colorado",2015,"50,196","(X)","(X)","63,270","(X)","(X)"
"49","Connecticut",2022,"75,597","(X)","(X)","92,566","(X)","(X)"
"50","Connecticut",2021,"69,915","(X)","(X)","88,250","(X)","(X)"
"51","Connecticut",2020,"66,131","(X)","(X)","85,786","(X)","(X)"
"52","Connecticut",2019,"64,143","(X)","(X)","85,175","(X)","(X)"
"53","Connecticut",2018,"64,398","(X)","(X)","83,968","(X)","(X)"
"54","Connecticut",2017,"61,520","(X)","(X)","80,966","(X)","(X)"
"55","Connecticut",2016,"61,257","(X)","(X)","80,306","(X)","(X)"
"56","Connecticut",2015,"61,071","(X)","(X)","77,568","(X)","(X)"
"57","Delaware",2022,"64,139","(X)","(X)","79,150","(X)","(X)"
"58","Delaware",2021,"61,378","(X)","(X)","73,888","(X)","(X)"
"59","Delaware",2020,"57,580","(X)","(X)","74,916","(X)","(X)"
"60","Delaware",2019,"56,603","(X)","(X)","70,579","(X)","(X)"
"61","Delaware",2018,"52,267","(X)","(X)","70,036","(X)","(X)"
"62","Delaware",2017,"57,157","(X)","(X)","73,360","(X)","(X)"
"63","Delaware",2016,"54,225","(X)","(X)","71,356","(X)","(X)"
"64","Delaware",2015,"52,261","(X)","(X)","65,967","(X)","(X)"
"65","Florida",2022,"56,243","(X)","(X)","74,215","(X)","(X)"
"66","Florida",2021,"51,381","(X)","(X)","67,954","(X)","(X)"
"67","Florida",2020,"48,311","(X)","(X)","63,440","(X)","(X)"
"68","Florida",2019,"47,810","(X)","(X)","62,425","(X)","(X)"
"69","Florida",2018,"46,380","(X)","(X)","61,748","(X)","(X)"
"70","Florida",2017,"45,651","(X)","(X)","60,959","(X)","(X)"
"71","Florida",2016,"45,031","(X)","(X)","59,576","(X)","(X)"
"72","Florida",2015,"42,714","(X)","(X)","57,128","(X)","(X)"
"73","Georgia",2022,"63,803","(X)","(X)","78,550","(X)","(X)"
"74","Georgia",2021,"60,454","(X)","(X)","72,973","(X)","(X)"
"75","Georgia",2020,"54,594","(X)","(X)","69,501","(X)","(X)"
"76","Georgia",2019,"53,662","(X)","(X)","70,027","(X)","(X)"
"77","Georgia",2018,"54,692","(X)","(X)","67,375","(X)","(X)"
"78","Georgia",2017,"51,915","(X)","(X)","65,479","(X)","(X)"
"79","Georgia",2016,"50,962","(X)","(X)","62,819","(X)","(X)"
"80","Georgia",2015,"49,696","(X)","(X)","61,443","(X)","(X)"
"81","Hawaii",2022,"61,880","(X)","(X)","79,653","(X)","(X)"
"82","Hawaii",2021,"55,171","(X)","(X)","73,122","(X)","(X)"
"83","Hawaii",2020,"52,264","(X)","(X)","71,768","(X)","(X)"
"84","Hawaii",2019,"52,183","(X)","(X)","72,035","(X)","(X)"
"85","Hawaii",2018,"50,463","(X)","(X)","69,668","(X)","(X)"
"86","Hawaii",2017,"50,803","(X)","(X)","67,836","(X)","(X)"
"87","Hawaii",2016,"49,440","(X)","(X)","64,283","(X)","(X)"
"88","Hawaii",2015,"46,167","(X)","(X)","65,094","(X)","(X)"
"89","Idaho",2022,"54,796","(X)","(X)","72,869","(X)","(X)"
"90","Idaho",2021,"50,581","(X)","(X)","68,649","(X)","(X)"
"91","Idaho",2020,"45,572","(X)","(X)","63,918","(X)","(X)"
"92","Idaho",2019,"46,364","(X)","(X)","60,816","(X)","(X)"
"93","Idaho",2018,"44,469","(X)","(X)","61,876","(X)","(X)"
"94","Idaho",2017,"42,188","(X)","(X)","60,976","(X)","(X)"
"95","Idaho",2016,"41,343","(X)","(X)","60,084","(X)","(X)"
"96","Idaho",2015,"42,661","(X)","(X)","57,829","(X)","(X)"
"97","Illinois",2022,"68,489","(X)","(X)","84,140","(X)","(X)"
"98","Illinois",2021,"63,725","(X)","(X)","81,737","(X)","(X)"
"99","Illinois",2020,"60,045","(X)","(X)","77,135","(X)","(X)"
"100","Illinois",2019,"60,357","(X)","(X)","76,363","(X)","(X)"
"101","Illinois",2018,"57,357","(X)","(X)","75,802","(X)","(X)"
"102","Illinois",2017,"56,643","(X)","(X)","73,296","(X)","(X)"
"103","Illinois",2016,"55,161","(X)","(X)","70,924","(X)","(X)"
"104","Illinois",2015,"52,369","(X)","(X)","70,580","(X)","(X)"
"105","Indiana",2022,"58,609","(X)","(X)","73,559","(X)","(X)"
"106","Indiana",2021,"54,525","(X)","(X)","70,183","(X)","(X)"
"107","Indiana",2020,"51,475","(X)","(X)","65,658","(X)","(X)"
"108","Indiana",2019,"50,630","(X)","(X)","65,941","(X)","(X)"
"109","Indiana",2018,"49,851","(X)","(X)","62,726","(X)","(X)"
"110","Indiana",2017,"50,294","(X)","(X)","62,356","(X)","(X)"
"111","Indiana",2016,"48,790","(X)","(X)","60,620","(X)","(X)"
"112","Indiana",2015,"46,884","(X)","(X)","60,699","(X)","(X)"
"113","Iowa",2022,"58,561","(X)","(X)","73,926","(X)","(X)"
"114","Iowa",2021,"55,434","(X)","(X)","70,977","(X)","(X)"
"115","Iowa",2020,"52,475","(X)","(X)","68,771","(X)","(X)"
"116","Iowa",2019,"51,751","(X)","(X)","66,887","(X)","(X)"
"117","Iowa",2018,"51,620","(X)","(X)","67,140","(X)","(X)"
"118","Iowa",2017,"50,840","(X)","(X)","64,908","(X)","(X)"
"119","Iowa",2016,"48,207","(X)","(X)","64,417","(X)","(X)"
"120","Iowa",2015,"46,518","(X)","(X)","61,206","(X)","(X)"
"121","Kansas",2022,"58,583","(X)","(X)","70,216","(X)","(X)"
"122","Kansas",2021,"55,916","(X)","(X)","67,095","(X)","(X)"
"123","Kansas",2020,"51,415","(X)","(X)","63,299","(X)","(X)"
"124","Kansas",2019,"51,678","(X)","(X)","62,008","(X)","(X)"
"125","Kansas",2018,"49,852","(X)","(X)","61,361","(X)","(X)"
"126","Kansas",2017,"49,257","(X)","(X)","61,088","(X)","(X)"
"127","Kansas",2016,"46,772","(X)","(X)","57,533","(X)","(X)"
"128","Kansas",2015,"46,436","(X)","(X)","59,574","(X)","(X)"
"129","Kentucky",2022,"55,682","(X)","(X)","67,351","(X)","(X)"
"130","Kentucky",2021,"51,906","(X)","(X)","62,124","(X)","(X)"
"131","Kentucky",2020,"50,633","(X)","(X)","59,235","(X)","(X)"
"132","Kentucky",2019,"50,711","(X)","(X)","60,270","(X)","(X)"
"133","Kentucky",2018,"50,146","(X)","(X)","56,623","(X)","(X)"
"134","Kentucky",2017,"46,881","(X)","(X)","56,704","(X)","(X)"
"135","Kentucky",2016,"47,610","(X)","(X)","56,285","(X)","(X)"
"136","Kentucky",2015,"45,058","(X)","(X)","53,986","(X)","(X)"
"137","Louisiana",2022,"55,685","(X)","(X)","65,857","(X)","(X)"
"138","Louisiana",2021,"52,491","(X)","(X)","63,934","(X)","(X)"
"139","Louisiana",2020,"50,723","(X)","(X)","59,628","(X)","(X)"
"140","Louisiana",2019,"50,699","(X)","(X)","60,992","(X)","(X)"
"141","Louisiana",2018,"50,273","(X)","(X)","57,058","(X)","(X)"
"142","Louisiana",2017,"48,795","(X)","(X)","58,960","(X)","(X)"
"143","Louisiana",2016,"46,163","(X)","(X)","57,210","(X)","(X)"
"144","Louisiana",2015,"46,367","(X)","(X)","57,131","(X)","(X)"
"145","Maine",2022,"53,866","(X)","(X)","69,390","(X)","(X)"
"146","Maine",2021,"51,486","(X)","(X)","68,177","(X)","(X)"
"147","Maine",2020,"46,733","(X)","(X)","60,944","(X)","(X)"
"148","Maine",2019,"47,375","(X)","(X)","60,347","(X)","(X)"
"149","Maine",2018,"43,809","(X)","(X)","60,013","(X)","(X)"
"150","Maine",2017,"44,118","(X)","(X)","58,537","(X)","(X)"
"151","Maine",2016,"43,559","(X)","(X)","56,855","(X)","(X)"
"152","Maine",2015,"41,214","(X)","(X)","54,528","(X)","(X)"
"153","Maryland",2022,"76,711","(X)","(X)","99,484","(X)","(X)"
"154","Maryland",2021,"71,896","(X)","(X)","93,565","(X)","(X)"
"155","Maryland",2020,"65,441","(X)","(X)","89,159","(X)","(X)"
"156","Maryland",2019,"65,193","(X)","(X)","89,066","(X)","(X)"
"157","Maryland",2018,"63,399","(X)","(X)","86,118","(X)","(X)"
"158","Maryland",2017,"61,640","(X)","(X)","82,432","(X)","(X)"
"159","Maryland",2016,"61,049","(X)","(X)","82,479","(X)","(X)"
"160","Maryland",2015,"60,745","(X)","(X)","81,087","(X)","(X)"
"161","Massachusetts",2022,"77,137","(X)","(X)","95,136","(X)","(X)"
"162","Massachusetts",2021,"71,344","(X)","(X)","90,944","(X)","(X)"
"163","Massachusetts",2020,"65,496","(X)","(X)","84,800","(X)","(X)"
"164","Massachusetts",2019,"65,373","(X)","(X)","85,717","(X)","(X)"
"165","Massachusetts",2018,"62,154","(X)","(X)","81,469","(X)","(X)"
"166","Massachusetts",2017,"62,167","(X)","(X)","79,988","(X)","(X)"
"167","Massachusetts",2016,"60,503","(X)","(X)","76,972","(X)","(X)"
"168","Massachusetts",2015,"57,285","(X)","(X)","74,405","(X)","(X)"
"169","Michigan",2022,"63,077","(X)","(X)","78,984","(X)","(X)"
"170","Michigan",2021,"59,740","(X)","(X)","75,841","(X)","(X)"
"171","Michigan",2020,"54,452","(X)","(X)","72,730","(X)","(X)"
"172","Michigan",2019,"54,634","(X)","(X)","71,623","(X)","(X)"
"173","Michigan",2018,"52,352","(X)","(X)","71,057","(X)","(X)"
"174","Michigan",2017,"51,527","(X)","(X)","70,518","(X)","(X)"
"175","Michigan",2016,"50,821","(X)","(X)","68,906","(X)","(X)"
"176","Michigan",2015,"49,839","(X)","(X)","66,580","(X)","(X)"
"177","Minnesota",2022,"68,504","(X)","(X)","82,324","(X)","(X)"
"178","Minnesota",2021,"63,482","(X)","(X)","80,120","(X)","(X)"
"179","Minnesota",2020,"59,849","(X)","(X)","76,350","(X)","(X)"
"180","Minnesota",2019,"60,316","(X)","(X)","75,925","(X)","(X)"
"181","Minnesota",2018,"57,806","(X)","(X)","73,062","(X)","(X)"
"182","Minnesota",2017,"56,347","(X)","(X)","72,143","(X)","(X)"
"183","Minnesota",2016,"54,749","(X)","(X)","70,728","(X)","(X)"
"184","Minnesota",2015,"51,601","(X)","(X)","67,260","(X)","(X)"
"185","Mississippi",2022,"50,731","(X)","(X)","57,266","(X)","(X)"
"186","Mississippi",2021,"45,353","(X)","(X)","59,223","(X)","(X)"
"187","Mississippi",2020,"44,626","(X)","(X)","56,644","(X)","(X)"
"188","Mississippi",2019,"44,148","(X)","(X)","56,208","(X)","(X)"
"189","Mississippi",2018,"42,497","(X)","(X)","55,339","(X)","(X)"
"190","Mississippi",2017,"41,706","(X)","(X)","54,539","(X)","(X)"
"191","Mississippi",2016,"42,130","(X)","(X)","51,943","(X)","(X)"
"192","Mississippi",2015,"39,960","(X)","(X)","51,111","(X)","(X)"
"193","Missouri",2022,"57,693","(X)","(X)","70,894","(X)","(X)"
"194","Missouri",2021,"53,855","(X)","(X)","65,480","(X)","(X)"
"195","Missouri",2020,"50,856","(X)","(X)","63,088","(X)","(X)"
"196","Missouri",2019,"51,217","(X)","(X)","63,368","(X)","(X)"
"197","Missouri",2018,"50,659","(X)","(X)","61,244","(X)","(X)"
"198","Missouri",2017,"48,238","(X)","(X)","60,056","(X)","(X)"
"199","Missouri",2016,"45,701","(X)","(X)","57,229","(X)","(X)"
"200","Missouri",2015,"45,607","(X)","(X)","57,209","(X)","(X)"
"201","Montana",2022,"50,894","(X)","(X)","68,235","(X)","(X)"
"202","Montana",2021,"50,126","(X)","(X)","65,176","(X)","(X)"
"203","Montana",2020,"42,729","(X)","(X)","57,794","(X)","(X)"
"204","Montana",2019,"42,150","(X)","(X)","58,287","(X)","(X)"
"205","Montana",2018,"42,224","(X)","(X)","56,959","(X)","(X)"
"206","Montana",2017,"40,244","(X)","(X)","57,421","(X)","(X)"
"207","Montana",2016,"39,650","(X)","(X)","52,319","(X)","(X)"
"208","Montana",2015,"39,292","(X)","(X)","52,284","(X)","(X)"
"209","Nebraska",2022,"58,817","(X)","(X)","74,208","(X)","(X)"
"210","Nebraska",2021,"53,663","(X)","(X)","69,714","(X)","(X)"
"211","Nebraska",2020,"50,886","(X)","(X)","64,792","(X)","(X)"
"212","Nebraska",2019,"50,779","(X)","(X)","61,853","(X)","(X)"
"213","Nebraska",2018,"50,032","(X)","(X)","62,451","(X)","(X)"
"214","Nebraska",2017,"50,138","(X)","(X)","61,324","(X)","(X)"
"215","Nebraska",2016,"46,260","(X)","(X)","61,459","(X)","(X)"
"216","Nebraska",2015,"46,833","(X)","(X)","60,470","(X)","(X)"
"217","Nevada",2022,"59,999","(X)","(X)","75,253","(X)","(X)"
"218","Nevada",2021,"52,227","(X)","(X)","71,112","(X)","(X)"
"219","Nevada",2020,"49,742","(X)","(X)","68,910","(X)","(X)"
"220","Nevada",2019,"50,293","(X)","(X)","66,105","(X)","(X)"
"221","Nevada",2018,"48,779","(X)","(X)","67,845","(X)","(X)"
"222","Nevada",2017,"48,974","(X)","(X)","65,557","(X)","(X)"
"223","Nevada",2016,"46,908","(X)","(X)","62,224","(X)","(X)"
"224","Nevada",2015,"45,977","(X)","(X)","62,155","(X)","(X)"
"225","New Hampshire",2022,NA,"(X)","(X)",NA,"(X)","(X)"
"226","New Hampshire",2021,NA,"(X)","(X)",NA,"(X)","(X)"
"227","New Hampshire",2020,NA,"(X)","(X)",NA,"(X)","(X)"
"228","New Hampshire",2019,NA,"(X)","(X)",NA,"(X)","(X)"
"229","New Hampshire",2018,NA,"(X)","(X)",NA,"(X)","(X)"
"230","New Hampshire",2017,NA,"(X)","(X)",NA,"(X)","(X)"
"231","New Hampshire",2016,NA,"(X)","(X)",NA,"(X)","(X)"
"232","New Hampshire",2015,NA,"(X)","(X)",NA,"(X)","(X)"
"233","New Jersey",2022,NA,"(X)","(X)",NA,"(X)","(X)"
"234","New Jersey",2021,NA,"(X)","(X)",NA,"(X)","(X)"
"235","New Jersey",2020,NA,"(X)","(X)",NA,"(X)","(X)"
"236","New Jersey",2019,NA,"(X)","(X)",NA,"(X)","(X)"
"237","New Jersey",2018,NA,"(X)","(X)",NA,"(X)","(X)"
"238","New Jersey",2017,NA,"(X)","(X)",NA,"(X)","(X)"
"239","New Jersey",2016,NA,"(X)","(X)",NA,"(X)","(X)"
"240","New Jersey",2015,NA,"(X)","(X)",NA,"(X)","(X)"
"241","New Mexico",2022,NA,"(X)","(X)",NA,"(X)","(X)"
"242","New Mexico",2021,NA,"(X)","(X)",NA,"(X)","(X)"
"243","New Mexico",2020,NA,"(X)","(X)",NA,"(X)","(X)"
"244","New Mexico",2019,NA,"(X)","(X)",NA,"(X)","(X)"
"245","New Mexico",2018,NA,"(X)","(X)",NA,"(X)","(X)"
"246","New Mexico",2017,NA,"(X)","(X)",NA,"(X)","(X)"
"247","New Mexico",2016,NA,"(X)","(X)",NA,"(X)","(X)"
"248","New Mexico",2015,NA,"(X)","(X)",NA,"(X)","(X)"
"249","New York",2022,NA,"(X)","(X)",NA,"(X)","(X)"
"250","New York",2021,NA,"(X)","(X)",NA,"(X)","(X)"
"251","New York",2020,NA,"(X)","(X)",NA,"(X)","(X)"
"252","New York",2019,NA,"(X)","(X)",NA,"(X)","(X)"
"253","New York",2018,NA,"(X)","(X)",NA,"(X)","(X)"
"254","New York",2017,NA,"(X)","(X)",NA,"(X)","(X)"
"255","New York",2016,NA,"(X)","(X)",NA,"(X)","(X)"
"256","New York",2015,NA,"(X)","(X)",NA,"(X)","(X)"
"257","North Carolina",2022,NA,"(X)","(X)",NA,"(X)","(X)"
"258","North Carolina",2021,NA,"(X)","(X)",NA,"(X)","(X)"
"259","North Carolina",2020,NA,"(X)","(X)",NA,"(X)","(X)"
"260","North Carolina",2019,NA,"(X)","(X)",NA,"(X)","(X)"
"261","North Carolina",2018,NA,"(X)","(X)",NA,"(X)","(X)"
"262","North Carolina",2017,NA,"(X)","(X)",NA,"(X)","(X)"
"263","North Carolina",2016,NA,"(X)","(X)",NA,"(X)","(X)"
"264","North Carolina",2015,NA,"(X)","(X)",NA,"(X)","(X)"
"265","North Dakota",2022,NA,"(X)","(X)",NA,"(X)","(X)"
"266","North Dakota",2021,NA,"(X)","(X)",NA,"(X)","(X)"
"267","North Dakota",2020,NA,"(X)","(X)",NA,"(X)","(X)"
"268","North Dakota",2019,NA,"(X)","(X)",NA,"(X)","(X)"
"269","North Dakota",2018,NA,"(X)","(X)",NA,"(X)","(X)"
"270","North Dakota",2017,NA,"(X)","(X)",NA,"(X)","(X)"
"271","North Dakota",2016,NA,"(X)","(X)",NA,"(X)","(X)"
"272","North Dakota",2015,NA,"(X)","(X)",NA,"(X)","(X)"
"273","Ohio",2022,"62,605","(X)","(X)","77,691","(X)","(X)"
"274","Ohio",2021,"58,453","(X)","(X)","74,866","(X)","(X)"
"275","Ohio",2020,"54,403","(X)","(X)","70,412","(X)","(X)"
"276","Ohio",2019,"53,680","(X)","(X)","71,180","(X)","(X)"
"277","Ohio",2018,"52,613","(X)","(X)","67,945","(X)","(X)"
"278","Ohio",2017,"51,684","(X)","(X)","66,321","(X)","(X)"
"279","Ohio",2016,"50,830","(X)","(X)","65,773","(X)","(X)"
"280","Ohio",2015,"50,191","(X)","(X)","62,324","(X)","(X)"
"281","Oklahoma",2022,"53,732","(X)","(X)","70,191","(X)","(X)"
"282","Oklahoma",2021,"50,771","(X)","(X)","65,294","(X)","(X)"
"283","Oklahoma",2020,"48,010","(X)","(X)","60,818","(X)","(X)"
"284","Oklahoma",2019,"47,828","(X)","(X)","61,092","(X)","(X)"
"285","Oklahoma",2018,"46,162","(X)","(X)","58,154","(X)","(X)"
"286","Oklahoma",2017,"46,203","(X)","(X)","56,850","(X)","(X)"
"287","Oklahoma",2016,"44,977","(X)","(X)","57,433","(X)","(X)"
"288","Oklahoma",2015,"42,195","(X)","(X)","55,490","(X)","(X)"
"289","Oregon",2022,"62,676","(X)","(X)","81,633","(X)","(X)"
"290","Oregon",2021,"57,419","(X)","(X)","78,702","(X)","(X)"
"291","Oregon",2020,"52,857","(X)","(X)","70,453","(X)","(X)"
"292","Oregon",2019,"52,498","(X)","(X)","70,854","(X)","(X)"
"293","Oregon",2018,"51,699","(X)","(X)","69,381","(X)","(X)"
"294","Oregon",2017,"48,567","(X)","(X)","64,380","(X)","(X)"
"295","Oregon",2016,"46,942","(X)","(X)","63,868","(X)","(X)"
"296","Oregon",2015,"44,049","(X)","(X)","61,139","(X)","(X)"
"297","Pennsylvania",2022,"64,722","(X)","(X)","80,977","(X)","(X)"
"298","Pennsylvania",2021,"61,170","(X)","(X)","78,261","(X)","(X)"
"299","Pennsylvania",2020,"55,309","(X)","(X)","73,943","(X)","(X)"
"300","Pennsylvania",2019,"55,326","(X)","(X)","73,805","(X)","(X)"
"301","Pennsylvania",2018,"52,668","(X)","(X)","71,209","(X)","(X)"
"302","Pennsylvania",2017,"51,950","(X)","(X)","70,080","(X)","(X)"
"303","Pennsylvania",2016,"51,199","(X)","(X)","69,691","(X)","(X)"
"304","Pennsylvania",2015,"50,791","(X)","(X)","66,931","(X)","(X)"
"305","Rhode Island",2022,NA,"(X)","(X)",NA,"(X)","(X)"
"306","Rhode Island",2021,NA,"(X)","(X)",NA,"(X)","(X)"
"307","Rhode Island",2020,NA,"(X)","(X)",NA,"(X)","(X)"
"308","Rhode Island",2019,NA,"(X)","(X)",NA,"(X)","(X)"
"309","Rhode Island",2018,NA,"(X)","(X)",NA,"(X)","(X)"
"310","Rhode Island",2017,NA,"(X)","(X)",NA,"(X)","(X)"
"311","Rhode Island",2016,NA,"(X)","(X)",NA,"(X)","(X)"
"312","Rhode Island",2015,NA,"(X)","(X)",NA,"(X)","(X)"
"313","South Carolina",2022,NA,"(X)","(X)",NA,"(X)","(X)"
"314","South Carolina",2021,NA,"(X)","(X)",NA,"(X)","(X)"
"315","South Carolina",2020,NA,"(X)","(X)",NA,"(X)","(X)"
"316","South Carolina",2019,NA,"(X)","(X)",NA,"(X)","(X)"
"317","South Carolina",2018,NA,"(X)","(X)",NA,"(X)","(X)"
"318","South Carolina",2017,NA,"(X)","(X)",NA,"(X)","(X)"
"319","South Carolina",2016,NA,"(X)","(X)",NA,"(X)","(X)"
"320","South Carolina",2015,NA,"(X)","(X)",NA,"(X)","(X)"
"321","South Dakota",2022,NA,"(X)","(X)",NA,"(X)","(X)"
"322","South Dakota",2021,NA,"(X)","(X)",NA,"(X)","(X)"
"323","South Dakota",2020,NA,"(X)","(X)",NA,"(X)","(X)"
"324","South Dakota",2019,NA,"(X)","(X)",NA,"(X)","(X)"
"325","South Dakota",2018,NA,"(X)","(X)",NA,"(X)","(X)"
"326","South Dakota",2017,NA,"(X)","(X)",NA,"(X)","(X)"
"327","South Dakota",2016,NA,"(X)","(X)",NA,"(X)","(X)"
"328","South Dakota",2015,NA,"(X)","(X)",NA,"(X)","(X)"
"329","Tennessee",2022,"57,539","(X)","(X)","72,837","(X)","(X)"
"330","Tennessee",2021,"53,286","(X)","(X)","67,850","(X)","(X)"
"331","Tennessee",2020,"50,111","(X)","(X)","63,085","(X)","(X)"
"332","Tennessee",2019,"50,633","(X)","(X)","62,832","(X)","(X)"
"333","Tennessee",2018,"48,256","(X)","(X)","61,543","(X)","(X)"
"334","Tennessee",2017,"46,779","(X)","(X)","60,242","(X)","(X)"
"335","Tennessee",2016,"46,065","(X)","(X)","56,454","(X)","(X)"
"336","Tennessee",2015,"45,600","(X)","(X)","56,896","(X)","(X)"
"337","Texas",2022,"64,905","(X)","(X)","82,824","(X)","(X)"
"338","Texas",2021,"61,341","(X)","(X)","77,567","(X)","(X)"
"339","Texas",2020,"57,267","(X)","(X)","73,082","(X)","(X)"
"340","Texas",2019,"56,853","(X)","(X)","72,195","(X)","(X)"
"341","Texas",2018,"55,437","(X)","(X)","71,167","(X)","(X)"
"342","Texas",2017,"54,211","(X)","(X)","70,427","(X)","(X)"
"343","Texas",2016,"52,967","(X)","(X)","69,803","(X)","(X)"
"344","Texas",2015,"51,887","(X)","(X)","70,031","(X)","(X)"
"345","Utah",2022,"60,973","(X)","(X)","90,548","(X)","(X)"
"346","Utah",2021,"56,175","(X)","(X)","81,947","(X)","(X)"
"347","Utah",2020,"51,386","(X)","(X)","76,074","(X)","(X)"
"348","Utah",2019,"51,611","(X)","(X)","76,099","(X)","(X)"
"349","Utah",2018,"49,238","(X)","(X)","72,603","(X)","(X)"
"350","Utah",2017,"47,092","(X)","(X)","70,156","(X)","(X)"
"351","Utah",2016,"47,164","(X)","(X)","70,026","(X)","(X)"
"352","Utah",2015,"46,255","(X)","(X)","70,017","(X)","(X)"
"353","Vermont",2022,"54,163","(X)","(X)","68,409","(X)","(X)"
"354","Vermont",2021,"49,075","(X)","(X)","67,439","(X)","(X)"
"355","Vermont",2020,"46,700","(X)","(X)","62,750","(X)","(X)"
"356","Vermont",2019,"47,170","(X)","(X)","61,617","(X)","(X)"
"357","Vermont",2018,"43,198","(X)","(X)","60,524","(X)","(X)"
"358","Vermont",2017,"40,592","(X)","(X)","58,628","(X)","(X)"
"359","Vermont",2016,"42,338","(X)","(X)","57,297","(X)","(X)"
"360","Vermont",2015,"40,348","(X)","(X)","55,525","(X)","(X)"
"361","Virginia",2022,"73,893","(X)","(X)","96,914","(X)","(X)"
"362","Virginia",2021,"65,495","(X)","(X)","92,057","(X)","(X)"
"363","Virginia",2020,"61,390","(X)","(X)","85,957","(X)","(X)"
"364","Virginia",2019,"61,529","(X)","(X)","85,582","(X)","(X)"
"365","Virginia",2018,"60,105","(X)","(X)","82,600","(X)","(X)"
"366","Virginia",2017,"58,191","(X)","(X)","80,946","(X)","(X)"
"367","Virginia",2016,"56,324","(X)","(X)","80,559","(X)","(X)"
"368","Virginia",2015,"55,799","(X)","(X)","78,049","(X)","(X)"
"369","Washington",2022,"76,376","(X)","(X)","100,613","(X)","(X)"
"370","Washington",2021,"72,286","(X)","(X)","96,132","(X)","(X)"
"371","Washington",2020,"63,477","(X)","(X)","83,120","(X)","(X)"
"372","Washington",2019,"62,447","(X)","(X)","86,167","(X)","(X)"
"373","Washington",2018,"61,135","(X)","(X)","80,520","(X)","(X)"
"374","Washington",2017,"59,662","(X)","(X)","76,407","(X)","(X)"
"375","Washington",2016,"58,262","(X)","(X)","72,335","(X)","(X)"
"376","Washington",2015,"55,795","(X)","(X)","71,123","(X)","(X)"
"377","West Virginia",2022,NA,"(X)","(X)",NA,"(X)","(X)"
"378","West Virginia",2021,NA,"(X)","(X)",NA,"(X)","(X)"
"379","West Virginia",2020,NA,"(X)","(X)",NA,"(X)","(X)"
"380","West Virginia",2019,NA,"(X)","(X)",NA,"(X)","(X)"
"381","West Virginia",2018,NA,"(X)","(X)",NA,"(X)","(X)"
"382","West Virginia",2017,NA,"(X)","(X)",NA,"(X)","(X)"
"383","West Virginia",2016,NA,"(X)","(X)",NA,"(X)","(X)"
"384","West Virginia",2015,NA,"(X)","(X)",NA,"(X)","(X)"
"385","Wisconsin",2022,"61,428","(X)","(X)","75,811","(X)","(X)"
"386","Wisconsin",2021,"58,745","(X)","(X)","70,880","(X)","(X)"
"387","Wisconsin",2020,"53,594","(X)","(X)","67,272","(X)","(X)"
"388","Wisconsin",2019,"52,425","(X)","(X)","67,112","(X)","(X)"
"389","Wisconsin",2018,"51,879","(X)","(X)","65,974","(X)","(X)"
"390","Wisconsin",2017,"51,162","(X)","(X)","65,006","(X)","(X)"
"391","Wisconsin",2016,"50,323","(X)","(X)","62,487","(X)","(X)"
"392","Wisconsin",2015,"47,383","(X)","(X)","61,217","(X)","(X)"
"393","Wyoming",2022,"54,129","(X)","(X)","68,506","(X)","(X)"
"394","Wyoming",2021,"50,596","(X)","(X)","70,910","(X)","(X)"
"395","Wyoming",2020,"51,152","(X)","(X)","61,689","(X)","(X)"
"396","Wyoming",2019,"47,962","(X)","(X)","61,288","(X)","(X)"
"397","Wyoming",2018,"47,980","(X)","(X)","57,555","(X)","(X)"
"398","Wyoming",2017,"47,546","(X)","(X)","58,518","(X)","(X)"
"399","Wyoming",2016,"47,322","(X)","(X)","59,833","(X)","(X)"
"400","Wyoming",2015,"46,092","(X)","(X)","61,476","(X)","(X)"
"401","Puerto Rico",2022,NA,"(X)","(X)",NA,"(X)","(X)"
"402","Puerto Rico",2021,NA,"(X)","(X)",NA,"(X)","(X)"
"403","Puerto Rico",2020,NA,"(X)","(X)",NA,"(X)","(X)"
"404","Puerto Rico",2019,NA,"(X)","(X)",NA,"(X)","(X)"
"405","Puerto Rico",2018,NA,"(X)","(X)",NA,"(X)","(X)"
"406","Puerto Rico",2017,NA,"(X)","(X)",NA,"(X)","(X)"
"407","Puerto Rico",2016,NA,"(X)","(X)",NA,"(X)","(X)"
"408","Puerto Rico",2015,NA,"(X)","(X)",NA,"(X)","(X)"
